rawImg10_0,1
rawImg11_0,1
rawImg12_0,1
rawImg13_0,1
rawImg14_0,1
rawImg15_0,1
rawImg16_0,1
rawImg17_0,1
rawImg18_0,1
rawImg19_0,0
rawImg1_0,1
rawImg20_0,1
rawImg21_0,1
rawImg22_0,1
rawImg23_0,1
rawImg24_0,1
rawImg25_0,1
rawImg26_0,1
rawImg27_0,1
rawImg28_0,1
rawImg29_0,1
rawImg2_0,1
rawImg30_0,1
rawImg31_0,1
rawImg32_0,1
rawImg33_0,1
rawImg34_0,1
rawImg35_0,1
rawImg36_0,1
rawImg38_0,1
rawImg38_1,0
rawImg39_0,1
rawImg3_0,1
rawImg40_0,1
rawImg41_0,1
rawImg42_0,1
rawImg43_0,1
rawImg44_0,1
rawImg45_0,1
rawImg46_0,1
rawImg47_0,1
rawImg48_0,1
rawImg49_0,1
rawImg4_0,1
rawImg50_0,1
rawImg51_0,1
rawImg52_0,1
rawImg53_0,1
rawImg53_1,0
rawImg54_0,1
rawImg56_0,1
rawImg57_0,1
rawImg58_0,1
rawImg59_0,1
rawImg5_0,1
rawImg5_1,1
rawImg60_0,1
rawImg61_0,1
rawImg62_0,1
rawImg63_0,1
rawImg64_0,1
rawImg65_0,1
rawImg66_0,1
rawImg67_0,1
rawImg68_0,1
rawImg69_0,1
rawImg6_0,1
rawImg73_0,1
rawImg75_0,1
rawImg76_0,1
rawImg7_0,1
rawImg8_0,1
rawImg9_0,1
